original_image_file,transformed_image_file,cyl_diag,cyl_vert,cyl_horiz,a,b,d,e,g,h
3m_256.jpg,3m_256_t.jpg,1432.9359042869544,3.1545785554986296,5.101703964540358,5000,5000,0.9916565,0.073993295,-0.05987664,0.87489754,0.0004314525,-0.00022977902
abus_256.jpg,abus_256_t.jpg,1722.9532633470903,2.540356770165819,4.46781218723397,2560,2560,1.0467908,-0.09361827,-0.0389045,1.1410955,0.00011102163,2.8053468e-05
accenture_256.jpg,accenture_256_t.jpg,1026.2321797337577,5.008917707093004,4.412899108634075,1200,1200,1.0647948,0.07869424,-0.0005587927,0.8730665,0.00028404716,-0.000111195055
adidas_256.jpg,adidas_256_t.jpg,1714.753068079539,3.1191662814603074,2.6752268739059653,500,500,0.9735741,-0.051337816,0.09217071,0.8475885,0.0003775476,0.00040921906
